Id;Sex;Esc;Atv;Ric;Rend;Tvol;Pre;SG;EP;SM
 ; ; ; ; ; ; ; ; ; ; 
 ; ; ; ; ; ; ; ; ; ; 
 ; ; ; ; ; ; ; ; ; ; 
 ; ; ; ; ; ; ; ; ; ; 
 ; ; ; ; ; ; ; ; ; ; 
 ; ; ; ; ; ; ; ; ; ; 
 ; ; ; ; ; ; ; ; ; ; 
 ; ; ; ; ; ; ; ; ; ; 
 ; ; ; ; ; ; ; ; ; ; 
 ; ; ; ; ; ; ; ; ; ; 
 ; ; ; ; ; ; ; ; ; ; 
 ; ; ; ; ; ; ; ; ; ; 
 ; ; ; ; ; ; ; ; ; ; 
 ; ; ; ; ; ; ; ; ; ; 
 ; ; ; ; ; ; ; ; ; ; 
 ; ; ; ; ; ; ; ; ; ; 
 ; ; ; ; ; ; ; ; ; ; 
 ; ; ; ; ; ; ; ; ; ; 
 ; ; ; ; ; ; ; ; ; ; 
 ; ; ; ; ; ; ; ; ; ; 
 ; ; ; ; ; ; ; ; ; ; 
 ; ; ; ; ; ; ; ; ; ; 
36; ;2;2;1;3000;2;2;-.45173288395695;-.705517072231457;.124942654574626
 ; ; ; ; ; ; ; ; ; ; 
 ; ; ; ; ; ; ; ; ; ; 
 ; ; ; ; ; ; ; ; ; ; 
 ; ; ; ; ; ; ; ; ; ; 
 ; ; ; ; ; ; ; ; ; ; 
 ; ; ; ; ; ; ; ; ; ; 
 ; ; ; ; ; ; ; ; ; ; 
 ; ; ; ; ; ; ; ; ; ; 
 ; ; ; ; ; ; ; ; ; ; 
 ; ; ; ; ; ; ; ; ; ; 
 ; ; ; ; ; ; ; ; ; ; 
 ; ; ; ; ; ; ; ; ; ; 
24; ;0; ;1; ;2;1; ; ; 
 ; ; ; ; ;800;2;1; ; ; 
28; ;2;1;2; ;2;1;2.64944799178973;1.17964125881721;-2.67391300525059
18; ;0; ;1; ;2; ; ; ; 
 ; ; ; ; ; ; ; ; ; ; 
 ; ; ; ; ; ; ; ; ; ; 
 ; ; ; ; ; ; ; ; ; ; 
 ; ; ; ; ; ; ; ; ; ; 
 ; ; ; ; ; ; ; ; ; ; 
 ; ; ; ; ; ; ; ; ; ; 
35;1;2;3;1;10000;2;2;-.118632350968962;-.569066581375386;.213273028251983
27;1;1;2;2;9000;2;1; ; ;-1.0268968069663
32;1;2;1;1;2000;2;1;.534165965835575;-.161476313999362;-.0509919787269809
39;1;2;2;1;8000;2;1;-.037335370511725;-.288829541617832;.530376809703068
33;1;1;2;1;4500;2;2; ; ; 
24;1;0;1;1;1000;2;2; ; ; 
21;1;0;1;2;1300;1;1; ; ;-1.25568302742158
23;1;2;2;1;2500;1;2;.647317632083576;.373192232612238;-.124569244523726
18;1;0; ;2; ;2;1;-.920514285130112;-.798969066429959;.303152898393878
21;1;0;1;2; ;1;1;.589587281227414;.631572961028927; 
53;1;2; ;1;8000;2;2;-1.11028954388603;-1.02482712830578;.908914244717958
26;1;0;3;1;730;2;1;.0620817264856986;-.270766258726297;.756553818249295
26;1;2;1;1;2000;2;1;.011137556720473;.356337051238753;.33005959837271
24;1;0;1;2; ;1;1; ; ;.185640819615055
29;1;2;2;1;3400;2;1; ; ; 
30;1;2;1;1;2000;2;1;-1.1631194269608;-1.40868239233383;1.04797727263403
25;1;0;3;1;6000;2;1;-.826869637727202;-1.27079634133327; 
28;1;1;1;2;1350;2;2; ; ; 
40;1;1;2;2;3500;1;1;.397911635127498;1.04496905694346;-1.18937254190806
30;1;1;3;1;2000;2;2; ; ; 
31;1;2;3;1;8000;1;1;-.457066773946938;-1.11248027088831;.526466541790074
24;1;1;2;1; ;2;2;-1.08996340501278;-.76106983174214;1.53773002371591
30;1;2;2;1;2000;2;1;.519091619600894;1.05419581118442;.216034169473679
30;1;1;2;1;2000;2;1; ; ; 
40;1;0;2;2;2000;2;2;1.13902224781454;1.60165153401101;-.621762055280639
27;1;1;3;1;2600;2;1; ; ;-.0134430001411329
28;1;2;3;1;2400;2;2;-.972058368663868;-1.76662221009248;1.06892856421052
45;1;2;2;1;12000;1;1;-1.2728835048005;-1.08557911100502;1.13053676801094
28;1;1;2;1;2000;1;1;-1.08182244650356;-1.3838306448908;1.01191096935574
32;1;2;3;1;12000;1;1;-.844775220470163;-.862192589895972;.0213560189802868
65;1;1;3;1;12000;2;1;-1.2728835048005; ; 
32;1;2;3;1;3000;1;2;-.670274580819928;-1.25139823615744;.609616122363232
29;1;2;3;1;2200;2;2;.33994223759514;.105141773715062;.684093044929897
27;1;2;1;1;2300;2;2;-1.15778553697081;-.393837971967476; 
27;1;1;2;1;17000;2;2;.349792374854539;-.711307831836431;.127376250111953
35;1;1;3;1;2500;2;2;-.908166618184438;-1.13858878946814;.267422465095437
26;1;1;1;1;1000;2;2;.114491728968675;-.126452844307524;-.354866256532459
27;1;0;3;1;850;1;2; ; ;1.09985749909031
20;1;0;1;2;400;2;1;-1.2728835048005;-.303043719910501;-.158322480852249
28;1;0;3;1;2500;2;1;-.529278731513602;-1.11346591856717;-.0349215309360219
22;1;1;1;1; ;2;2;-1.06149630763032;-.831990460219521;.53311414013179
27;1;0;2;1;2000;2;1;-1.07895821141602;-.53262242463366;1.08603152619082
20;1;0;3;2;1200;2;2; ; ; 
28;1;2;2;1;2000;2;1;.604856201475317;-.999299334194815;-.987508764081137
29;1;1;3;1;3000;2;1;.598961758561817;.764426338933067;1.16220696285505
30;1;2;2;2;6000;1;1;-.297067674234903;.235770887587292;-.268660870606279
 ;1;0; ;1; ;1;1;-1.02899256342879;-.828762274046427;.0669893210879791
33;1;2;3;2;5000;2;1; ; ;.872627188379038
33;1;2;3;1;2800;2;2;-.217223095201628;.221295457977168;.559360345852735
26;1;1;2;1;2500;2;2;-.112928879251712;-1.09371167894465;.0376705496468293
54;1;2;2;1;9000;2;2; ; ; 
29;1;2;3;1;4500;2;1;-.708882144968195;-.956774544127309;.568506172530416
52;1;2;3;1;8000;2;2;-.951732229790627;-1.12126909227072;-.053785647966805
41;1;2;2;1;2700;1;2;.564826499675766;1.48173615506197;-.913157316538279
49;1;1;2;1;8000;2;1;.773215459926599;.654294722710603;.184241723553311
42;1;1;3;1;1200;1;1;1.19332227796839;1.71807511664029;-.21735819061921
49;1;2;2;1;4500;1;1;1.46338847348375;-.0335616490442121; 
29;1;0;3;1;1900;2;1;.863085915233009;.244850912801903;-.741383225540381
55;1;2;2;1; ;2;2;.10829177308044;.199880990527387;-1.36369465617777
51;1;2;2;2; ;2;1; ; ;-.490513146284723
53;1;0;3;1;3000;1;1;-.63095282579419;.263723964452832;1.18680356370978
53;1;1;2;1;4500;1;1; ;-.877314815515392; 
29;1;2;3;1;3000;2;2;-.533029864414186;-1.49312205710348; 
39;1;2;3;1;2000;2;1;1.85340104790939;1.48221766193372;-1.50327583457689
47;1;2;2;1;1000;2;1;-1.2728835048005;-2.18877118373559;1.22564731939511
25;1;0;3;1;1000;2;1;-.710053354016544;.205444448751133;-.125779736972472
31;1;2;3;1;2000;2;1; ; ; 
62;1;1;2;1; ;2;1; ; ; 
64;1;2;3;2;13000;2;2; ; ; 
55;1;2;3;1;10000;2;1;1.7139804166066;1.17166336534993;-1.27873908234081
26;1;0;3;1;1000;1;1;-1.19158652434326;-.840063609950829;1.15044034940276
56;1;2;2;1;7000;1;1; ; ; 
33;1;2;2;1;5000;2;1; ; ; 
47;1;2;3;1;2500;1;1;-.241059745526588;-.5815692995307;.780730770599531
27;1;0;2;2; ;2;2;.0642877488187518;.798217659472776;-2.12870853546149
25;1;1;3;2;3000;2;1;.924120041453942;.781826779854515;-.620701568735658
34;1;2;3;1;2500;1;1;-.349558339417341;-.707516151728283;.126559253174402
26;1;1;3;1;1000;2;2;.992178548717813;.890058415998926;-1.31320626777596
24;1;1;1;1;1500;2;2;.114887767971156;.0922583642087798;-.598484250935961
21;1;0;1;2;200;2;2;2.19041455034782;1.17028902255035;-1.04343877735194
30;1;0;2;1;5000;2;2;-.119650803964253; ;.162045663610588
53;1;0;2;1;3000;2;1;-.725246518396725;-.697746830515877;.743950329087726
33;1;2;1;1;2000;2;1; ; ;-.439394220773582
27;1;1;3;1;3500;1;1;-1.2728835048005;-1.21880416104184;1.40546100115488
34;1;2;3;1;2200;2;2;.526449460460905;-.44261685712726;-1.49223043162189
59;1;0;2;1;9000;2;1;-.509867904585471;-.701184110509132;.529169319048944
23;1;0;2;1;2000;2;2;-.300223804213881;-.878431317215475;.663261381059652
31;1;1;3;1;2000;2;2;-1.2728835048005;-.694957554228594;-.582231279662253
23;1;0;1;1; ;2;2;2.91366507203468;2.1144118349647;-2.82050438834718
26;1;1;1;1;1500;2;2; ; ; 
51;1;2;3;2;12000;1;1;-1.2728835048005;-1.79953252782556;.677883396812733
33;1;2;2;1;4500;2;1;-.43140674508371;-.539444017012064;.486066858151177
23;1;1;3;2;3000;2;1; ; ;.0206087592276373
29;1;2;2;1;9000;1;1;.873082983094446;.788215546705475;.923897674607593
23;1;0;1;1; ;1;2; ; ; 
22;1;0;1;1; ;2;2; ; ; 
27;1;0;2;2;1300;2;1;.15554286860265;.237774042015346;-.0999685132947331
63;1;0; ; ;4000;2;1;-1.19158652434326;-1.23752369737614;.462754842874737
21;1;1;3;2;400;1;1;-.797515149771277;-.042833510719149;-1.05423169454812
60;1;0; ; ;4000; ;1;-1.2728835048005;-.018087277671232;1.14320853943268
23;1;2;1;1;1500;2;2;2.10775316496749;1.70761246598283;-1.83125125967955
36;1;2;3;1;2000;1;1; ; ; 
47;1;2;3;1;2200;1;1;1.07230931516434;.806733889911497;1.46470876495557
25;1;2;3;2;1000;1;1;-1.2728835048005;-1.09685258510972;.257854002278355
29;1;2;3;1;2200;2;1;-.797279227385374;-.061619307779334;1.29821468883328
25;1;0;3;1;1000;2;1; ; ;-1.67512992881718
30;1;2;2;1;3500;2;1;-1.2728835048005;-.714645799971274;.343572217644456
30;1;2;3;2;5000;2;2; ; ;-1.89847220246363
 ;1;1;2;1;2000;1;1; ; ; 
30;1;1;1;1;1500;2;2; ; ; 
27;1;1;3;1;2500;2;1;.25268116598219;.65578061579852;.724516709515521
31;1;0;2;1;1700;2;2; ; ; 
21;1;0;3;2;1000;2;2; ; ;.108149982193731
35;1;2;2;1;8000;1;2;.742752618607071; ;.965124257301166
25;1;1;1;1;1500;2;1;.461003705328316;.362340886834059;.162864853109733
30;1;1;3;1;2000;2;1;2.91366507203468;1.89553416252063;-1.71334839303088
 ;1;0;1;1; ;1;1;-.296472671313297;-.841727826471215;.0890424381443602
29;1;1;2;1;1000;2;1;-.0716106256439149;-.318488828899287;-2.28099737968355
62;1;1; ;1;3000;1;1;-1.2728835048005;-1.15766446024913;1.35799513067624
23;1;0;3;1;700;1;1; ; ; 
19;1;0; ;2; ;1;1; ; ; 
36;1;2;2;2;6000;2;2;-.205858224337792; ;1.37300976664489
34;1;0;2;2; ;1;2; ;1.29068655374757;-2.12324388563554
19;1;0; ;2; ;2;2; ;1.64240454596292;-3.03466113911059
19;1;0;1;2;1500;1;2;1.74174381810852;1.18811663517929;-2.15215201568713
21;1;0;1;2;200;2;2;-.554989735326941;-.167157067496119;-.509183536046075
29;1;1;2;1;2000;2;2; ; ; 
22;1;1;3;1;750;1;1; ; ;-.0477417400776121
21;1;0;1;2; ;2;2; ; ; 
28;1;1;3;1;5000;1;1;-1.0533553491211;-1.51665077171762;.345883192881364
27;1;2;1;2;2200;2;2; ; ; 
20;1;0;1;2; ;2;1; ; ;.149796182480684
18;1;0;3;2;850;2;1;-1.2728835048005;-1.01212476216853;1.18049200450348
19;1;0;3; ;700; ;2; ; ;-1.80536943616753
23;1;0;2;2;1000;2;1;-.226133695120229;-.339053891969048;-.364486693950426
24;1;0;3;2;1500;1;1; ; ; 
22;1;0;2;2; ;1;1; ; ;-3.33188966334777
18;1;0;1;2; ;2;2; ; ; 
20;1;0;1;2; ;2;2;-.563534401764416;-.361498059843815;.84111180717574
28;1;1;3;2;1250;1;1;-1.19158652434326;-.437732149873522;1.08661216412382
33;1;2;2;1;9000;2;2;2.10009268950499;.904444759941489; 
25;1;2;3;2;3500;2;2;1.41037623978622;-.14704714240144;-1.35347029186385
31;1;1;2;1;2500;2;1;.394614470591776;.761992955663711;-1.09415485253871
25;1;1;1;2;1500;2;2;-1.15270575752743;-1.08597197694734; 
24;1;1;2;1; ;2;2; ; ; 
27;1;0;3;1;400;1;2; ; ;-1.35420546794294
25;1;1;3;1;2500;2;1; ; ; 
29;1;2;2;2;2500; ;1;.778295239369978;.783508201491428;-1.24133604048166
 ;1;0;3;2;1300;1;1; ; ;.519506201109034
30;1;0;2;1;1500;2;2;-.05681099919608;.787573976205631;.0951176945311742
22;1;1;3;1;1000;2;2; ; ; 
28;1;0;3;2;1000;2;2; ; ; 
24;1;0;3;2;1200;2;1;-.234208455152556;-.862597513105966;-.163709381648675
27;1;1;3;1;850;2;1;-1.16025519187326;-1.5022996512672;.0636085416822902
19;1;0;3;2;1000;1;1; ; ;-.729959857457757
18;1;0;1;2; ;2;1; ; ;-1.49236338897548
24;1;1;3;1;2000;1;2;-.210934525022964;.106164419735604;.838307257181152
36;1;2;2;1;5000;2;1;1.19421834333629;1.35546096331615;-1.3392178125381
25;1;2;3;1;5000;1;2;-.847875377943611;-1.1141444874087;.450056277706539
 ;1;0; ;1; ;2;1; ; ; 
26;1;1;1;1; ;2;2;.902836988811058;.628289196352293;-.575561043446798
25;1;1;2;1;5000;2;2; ; ; 
36;1;2;2;1;10000;2;2;-1.2728835048005;-.693405942684391;.10266232431521
28;1;1;1;1;5000;2;2; ; ;-.301612600700213
27;1;2;3;1; ;1;1; ; ; 
33;1;2;3;1;22000;1;2;-.339790370093702;.219598231808221;-.11342483287363
26;1;1;2;2;3500;2;2;-1.19158652434326;.623478858916726;.2147389444731
20;1;0;3;1;2000;2;1; ; ; 
28;1;0;3;1;460;2;1; ; ; 
19;1;0;3;1;1200;2;1;.0692078014815131;1.01915138911169;-.245107892750894
25;1;0;3;1;1200;2;2;-.235011796796788;.00167315372865702;-.0984101944823443
21;1;1;3;1;1600;2;2; ; ; 
19;1;0;1;2; ;1;2;-.648127832243871;-1.2669239175011;.0883222566451952
27;1;2;1;1;2200;2;2;-.16417683481061;1.27077947845237;-1.31298008289925
19;1;0;2;2;800;2;2; ;-.0808004929554433;-1.72939324612189
26;2;2;1;1;1500;2;1;.164943169377672;.748398944694596;-.493914106110703
25;2;1;1;2; ;2;2;.0881762667513261;-1.00617358585131;.972986753624303
27;2;1;3;1;1600;1;1;-1.19158652434326;-1.4870414237777;1.09212075160317
26;2;2;3;1;800;1;1;.242810434750959;.245853754837952;-.782100830615041
 ;2;2;1;1; ;2;1; ; ;-1.12133527202639
28;2;1;3;1; ;2;1;2.296238826206;1.88308963748288;-1.3710494289791
23;2;1;1;1;1350;2;2;1.11430946527634;1.02074456837127;-.743594940979065
25;2;2;1;2; ;1;1; ; ; 
30;2;1;3;2;3000;2;1;-.350109764626473;-1.36407640526828; 
22;2;1;1;1;400;2;2;-.153285778757805;.450489032715491;1.13357320030412
29;2;2;3;2;3000;2;2; ; ; 
32;2;0; ;1; ;1;1; ; ;-.0483917549424454
24;2;1;1;1;1500;1;1;.978591053905188;1.00478851972362;-.00820119178827084
58;2;2;2;1;7000;2;1;-.218926823756644;-.980628586623819;-.79175678958375
42;2;2;2;1;7000;2;1;-.566830851786634;-1.38491413694232;.309000802344811
37;2;2;3;1;2000;2;1;1.87693663578805;1.06521761054971;-1.12410432765466
20;2;0;1;1; ;2;1;1.17141875209757;.392701612652856;.328386162822631
27;2;1;3;1;2900;2;1; ; ; 
23;2;2;2;1;300;2;1;.738128673013131;.887262706505515;-.748047014604446
31;2;2;1;2;2000;2;2;.888600325092297;.136271491877207;-1.00395406451512
25;2;2;3;2;2000;2;1; ; ; 
19;2;0;1;1; ;1;1;1.78882507996696;2.01291862215767;-.256686265923385
40;2;0;1;1; ;1;1; ; ; 
38;2;2;3;1;2000;2;2;-.316308777254025;-.632946278218964;.700543591064692
25;2;1;1;2;1300;2;2;1.61781493793488;1.54833477671056;-2.12518203577975
24;2;0;1;1; ;2;1;-.23748145169923;-.445057591329724;1.00732581016941
24;2;0;3;2; ;2;1; ; ; 
25;2;1;1;1; ;2;1;.742953717356114;.109938894727226;-.469891170457722
20;2;0;1;2; ;2;1;-.618773344287946;-.412414727450809;.20314925004151
23;2;1;1;1; ;2;2;-.570399978059125;-1.36407640526828;.0842589503098407
31;2;2;3;1;4000;1;1;-.387412787137015;.201734533060062; 
30;2;1;3;1;1500;2;1;-1.17126038547002;-1.76933039814911; 
29;2;2;3;1;1500;2;1; ; ; 
36;2;2;3;1;8000;2;1;-.370435903499713;-.270028917052869;-.153201917211619
30;2;1;3;1;800;1;2;-.0797515841531351;.378544082331402;.839293639860071
27;2;2;3;1;4000;2;1;-.432369225573471;1.08198312572591;.795593170728589
26;2;1;3;2;1500;2;1;-.715018399184595;-.562232827261428;-.147115105894301
48;2;2;3;1;4000;2;2;-.711771669897517;-.688537281391443;.212644853541122
24;2;2;3;1;2000;2;1;-.0545613519115169;-.298738853393443;1.25369652289825
28;2;0;3;1;1000;1;1; ; ;.736764938379872
 ;2;2;3;1;4000;2;2; ; ; 
28;2;2;3;1;4000;2;1;-1.2728835048005;-1.41206670471898;.964218244017187
21;2;0;2;2;800;2;1; ; ;-.0784913890504078
45;2;1;3;2;1700;1;1;-1.2728835048005;-2.18877118373559;1.48362349428503
33;2;2;3;1;3000;2;2; ; ;.816631698769931
38;2;2;3;1;4500;1;1;-.339104571029707;.211097739000277;.184329943489076
21;2;0;1;2;400;2;1;-1.06149630763032;-.554912798318299;1.31949226370791
54;2;2;2;1;4000;1;1;1.31817326767694; ;-1.79301438830931
31;2;1;3;1;3000;2;1; ; ;-1.90589819300126
23;2;1;1;1; ;2;1;-1.19158652434326;-1.63042963799651;.787725959642478
27;2;2;3;1;2000;2;2;-.0360067239689304;.473725285500195;-.767023831022982
27;2;2;3;2;2000;2;1;.461708092450095;.646240141113684;.903252707540486
39;2;1;3;1;800;2;1;1.89701153423873;1.16851724443475;.537139326726106
50;2;0;1;2;1200;1;1;-1.1631194269608;-.85725245312703;.951601478274869
23;2;1;1;1;1200;2;1;.160801896624044;.781603073564517; 
21;2;0;3;2;400;2;2;-.341968806117253;-.727966165308855;-1.00693443170791
18;2;0;3;1;500;2;2;-.129552570888308;.889843565159057;.13354086606661
24;2;1;3;2; ;2;2;1.67593850172236;2.39270818816589;-1.24797133886048
32;2;2;3;1;3500;2;1;-.00506997168402778;.756137592004054;-.33549026631766
26;2;0;3;2; ;2;1;-.370435903499713;-.0645473869838051;.412355659714081
35;2;1;3;1; ;2;1; ; ; 
39;2;1;1;2; ;2;2;1.89284650635754;1.4515923492429;-.827367231732548
52;2;1;3;1;2000;1;1;-.482635178845209;-1.0259106203573;1.20845145115848
30;2;2;3;2;4000;2;2;-.615482440557028;-.844063123939153;.262029375575565
28;2;0;2;2;850;2;2; ; ; 
28;2;1;2;2;2500;1;1; ; ; 
31;2;0;3;2;450;1;1;.862624756779826;1.00957514117594;-.538727670018727
22;2;0;1;2; ;2;1; ; ;-2.38136432698163
26;2;2;3;1;2000;1;1;-.533029864414186;-1.35672442136444;1.23653639524444
55;2;1;2;1;1500;1;1;-.259727761278664;.246827240781257;.46835473714447
42;2;2;3;1;2500;1;1;-.816544045473605;-.0623150817373882; 
28;2;1;2;1; ;2;1;1.02701081197645; ;-.994404202178231
28;2;1;3;1;3000;2;2; ; ;1.20130713480536
33;2;2;2;1;4000;2;2;-.775860364355242;-.43648716819213;-.101765520877151
30;2;2;3;1;3000;2;1; ; ;.682984747861019
31;2;2;3;1;2800;2;1;-.673642242103159;-.0499804417392599;1.1259226676043
29;2;2;3;2;3600;2;1;.58873713009719;-.180052859994175;-.164921331761044
27;2;2;1;1;2000;2;2; ; ; 
38;2;2;3;1;3000;2;1;-1.19158652434326;-1.08832681957693;.360691001137762
33;2;2;2;1;3000;2;1;-.78320937596456;-.155933808156508;.865658806737027
35;2;1;2;1;2200;2;1; ; ; 
27;2;1;2;2;3000;2;2;-.803889896310543;.38628378432871;.509599169419371
47;2;2;3;2;5000;1;1;-1.1631194269608;-2.18877118373559;1.00147965222623
26;2;2;3;1;3000;2;1;.681400559357301;2.24189084998796;-.458948287077081
32;2;2;3;1;5500;1;1;1.49079851617678;1.96800703449987;-1.16514217408096
 ;2;2; ;2; ;2;1;.778295239369978;.811285505965337;.436329045347404
34;2;2;3;1;3000;1;1; ; ; 
27;2;2;2;2;5000;1;2;-.0370621678441655;.383272886019312; 
20;2;0;3;1;1000;1;1;-.315267920704747;.479577182865459;-.211773015140842
25;2;2;2;1;3800;2;1;-.980199327173088;-.865176945757732;.847024897568034
29;2;2;2;1;3000;1;2; ; ; 
46;2;2;2;1;3000;2;1;.203929667935132;-.32677652114045;-.547440600958006
28;2;1;2;1;2000;2;1; ; ; 
26;2;1;3;1;1000;1;1;-1.2728835048005;-1.1281409770748; 
55;2;2;2;1;12000;2;1;-.251586802769444;-.418269036422616;.754579130632733
26;2;1;3;1;2000;2;2; ; ; 
28;2;2;2;1;3000;2;2;-.225316157621867;-.468935929523824;-.00570647698442796
52;2;0;2;1;1000;1;1; ; ; 
38;2;2;2;1;2300;2;1;-.558347330295178;-.860786292135679;-.00289334641032109
36;2;2;2;1;8000;2;2;-.23748145169923;.212471104772603;.705567878510645
30;2;2;3;2;2200;2;2;-.233851203555764;.213435789311233;.734821566865813
28;2;2;2;1;4500;2;2;-.63895783567588;-.305375270114072;.358896483124069
29;2;1;1;1;2000;2;2;-.229932017353409;-.973464461246518; 
28;2;1;1;1; ;2;1; ; ;-.0284930212951071
34;2;2;3;1;6000;2;1;-.113599677881526;1.05614719808976;-.357183633062679
37;2;2;2;1;5000;2;2;-.949535777555745;.633245735616127;.551956515390056
42;2;2;3;1;1500;2;1;.589348535956498;.749902109800296;.501028652129332
48;2;2;2;1;4000;2;1;-.0124465669566225;.236569731427461;.319517979315486
27;2;1;3;1;5000;2;2; ; ; 
25;2;1;3;2;1800;1;2;.424943546002298;2.01269880867042;-.566412391502132
20;2;0;1;2; ;2;2; ; ;-1.54744190034373
33;2;0;2;1;1700;1;1;-.0797515841531351;-.477726113924093;.942328603567798
22;2;0;1;2;400;2;1;-.0280488826318937;1.18867493978152;-.607192702069
28;2;1; ;2;4000;2;1;.154396949396078;.914266858610328;-1.01330922719934
28;2;1;3;2;840;1;2; ; ;-2.7007487380348
28;2;2;3;2;3000;2;1; ; ; 
34;2;2;1;1; ;1;1;.250484713747307;-.039916203425077;-.0210590918885683
36;2;1;3;1; ;2;1; ; ; 
27;2;2;2;1;1500;2;1; ;1.27296366767194;.142433157811622
32;2;2;2;2;1800;1;1;2.6118958715167;1.74095966188662; 
30;2;2;3;1;2500;2;1;.549856363281364; ;-.985757378942695
26;2;1;2;1;4500;2;1; ; ; 
26;2;1;2;1;4500;2;1;-.43140674508371;-.82482633484222;.644641016622565
36;2;2;3;2;4000;2;1;-.334926276725324;-.0232750750691795;.975085040898647
44;2;2;3;1;7000;2;2; ; ;-1.42685927046858
51;2;2;3;1;5000;2;1;-1.2728835048005;-1.63581449736423;1.34283541695764
30;2;1;2;1;2000;2;1;-1.1631194269608; ;.497483965185175
31;2;2;3;1;3000;2;1;1.54731161977015;.234678135865252;-.841096052898902
63;2;1; ;1;2000;2;1;-1.2728835048005;-1.38421836298426; 
30;2;0;3;2;300;1;1;-.788543265954548;.20103756703981;.555296777639868
27;2;2;2;1;3000;2;1;-.20588009850534;-.176910342747735;-1.13838243549792
27;2;2;1;1;1000;2;2;.427506327171717;-.366361588548322;.471099264344435
30;2;2;3;1;3500;2;1;-.594743178870065;-.161286712563522; 
41;2;1;2;2;4000;2;1; ; ; 
47;2;2;2;1;5000;2;1;-.60808647218702;.340418503952762;.496266405672068
31;2;2;2;1;5000;2;1;-.400743195466366;-1.12705992953628;.751945989601367
38;2;2;2;2;3000;1;2;-1.08182244650356;-.911744035984948; 
27;2;2;1;1;3000;2;2;1.71441227286096;1.04183615245168;-.0600958007527102
24;2;2;3;2;500;1;1;.00287404284689628;-.836227917614301;.146318066620399
24;2;0;1;1; ;2;1;.0819313109592521;.87810490556695;-.0465977204038531
24;2;0;1;1; ;2;2;-.661386151883407;-.443041678030297;-.0834044830670903
20;2;0;1;2;400;2;1;-.34780683681643;1.0351363684927;-.317003928283192
68;2;1; ;1;2000;2;1; ; ;.912559436074402
31;2;2;3;2;4000;2;1;.619852771901448;.899634422505921;-.122226464326732
28;2;0;2;1;1700;2;1;.709741964860894;1.59042558209489; 
54;2;2;2;2;2000;1;1;.895852039095667;-.485141647194766;1.36320449960587
35;2;2;2;1;3500;1;1;-.268812784169236;-1.25099331294745;1.19076641106581
32;2;2;3;2;4500;2;1;.203929667935132;.0974233324286602;-.150533662962471
19;2;0;1;1; ;1;2;.416004031423083;-.0468332661362294;-.45672240678147
26;2;2;2;1;4000;2;1; ;.599607611303689;-.458169231603923
24;2;0;1;1; ;2;2;-.303088039301426;-1.29588770624806;.939130170483542
31;2;1;3;1;4000;2;2;1.28371921691544;1.30690327399833;-.581602315235805
28;2;2;3;2;2500;2;1;.054810555519867;.342449177855711;-.925434006782222
32;2;1;2;1;4000;2;1;2.51632757464939;1.13408655647945;-1.31617658717334
48;2;2;3;1;7000;1;1;-.0797515841531351;-.980628586623819;-.193829173985327
 ;2;1;3;1;2800;2;1;-1.2728835048005;-.575084720022183;1.04038583190599
33;2;2;1;1;2000;1;1;-.660781981406934;-.856111956570193;.96399288922232
33;2;1;2;2; ;2;1; ; ; 
44;2;2;3;1;10000;2;1;-1.19158652434326;-1.66377788858814;1.61043484544204
48;2;1;2;1;1500;2;1; ; ; 
36;2;2;3;1;1500;2;1;.203929667935132;.37922265117293;.781460957857856
49;2;2;3;1;6000;2;1;-.45173288395695;-1.13085055495658;1.72840323908025
25;2;1;1;1; ;2;1;-.826440600145456;.378544082331402;.220185918945664
34;2;2;2;2; ;2;1;.20565685455644;-.797120862378405;1.11596138511624
42;2;2;2;2;2000;2;1; ; ; 
51;2;1;3;1;3000;2;1;-1.04069203240318;-.581781727817328;-.204582568929254
45;2;2;2;1;4500;2;1;-.618500141620387;-.980628586623819;.274096427376323
43;2;2;3;1;5000;2;1;-.83443780972606;-1.26526589275809;.748877153482797
42;2;2;3;1;4000;2;2;.790245956165472;.379627574382923;-.664760117702214
 ;2;0;2;2; ;2;2;2.06006600348259;1.30629471314705;-2.3706759245934
63;2;0; ;2;4400;2;1; ; ;1.09374039579506
48;2;0;2;1;1500;1;1;1.9387393212258;1.08341229318201; 
26;2;1;2;1;4000;2;2; ;-.0285619855963556;-.510749059458733
45;2;2;2;2;4053;1;2; ;1.1079793147531;-.944594716095389
28;2;1;2;2;3600;2;2;.0075347196482108;.817774561701965;.0486495951616105
33;2;1;2;2;4800;2;2;1.13946402243304;1.30982855215569;-2.15780626951215
35;2;1;2;2;1700;2;1;2.18423129880256;1.52747184852545; 
 ;2;1;2;1;3500;2;1;-.635379541848522;-.70185862375628; 
31;2;1;2;1;2000;2;1;-.414180763683918;-.5712480506584;-.58061126616752
28;2;2;2;1;4000;2;2;-.655457258971813;-.555699949448093;.664202628777545
26;2;1;3;2;1500;2; ;.909302719605827;.534361359380737;-2.34226883056142
26;2;2;2;1;3000;2;1;-1.01793069602414;-.592724830658684;-.182387777067235
52;2;2;2;1;4000;2;1;-.367837597449283;-.671233388726052;.484279690059673
48;2;2;2;2;4500;2;1; ;1.03622083757148;.492857240650212
44;2;0;3;1;1500;2;1;-1.2728835048005;-.912207360712916; 
55;2;2;2;1;6000;2;1;-1.19158652434326;-1.76015385867324; 
27;2;2;3;1;3000;2;1;-.977335092085542;.0602631957058232;.744570584277708
49;2;1;2;1;1200;2;1;1.67822607941238;1.075221401385;.515283937312628
60;2;0;3;2;4000;1;1; ; ; 
58;2;2;3;2;5000;2;1;-.66913357246028;.25286222871564;.275549979627034
58;2;1;2;2;3000;2;1; ; ;1.62900388880654
26;2;1;2;1;3000;2;2;.11889301141835;-.294625449071665;.184260488034443
43;2;2;2;1;2000;2;1;1.51814887975629;.105744034318385;-.220498641759494
25;2;2;3;1;4000;2;1;2.42119606842588;2.39303351604826;-.500187856825636
43;2;2;2;1;7000;2;1;-.533029864414186;-.338338390720868;.186997292661078
19;2;0;3;1;600;2;2;-.148873782167089;1.02504416391093;.516949593473321
38;2;2;3;1;2500;2;1;.215129045709158;-.0183892086597048; 
26;2;2;2;1;1000;2;1; ; ; 
38;2;2;2;1;5600;2;1; ;-1.5993571241991;1.66907114129736
31;2;2;3;1;6000;2;2; ; ;-.936078892558604
52;2;2;3;1;5000;2;1;-.954070329510817;-.0285619855963556;.743237285323511
54;2;2;2;1;9000;1;1;-.943591271281407;-.139038905054827;.962460225296386
47;2;2;2;2;5000;2;1;-.210934525022964;.278011029443445;.239887505367603
42;2;2;2;1; ;2;1;-.954070329510817;-1.3838306448908;1.68203723219286
54;2;2;2;1;5000;2;1; ; ;.45353420808817
41;2;2;2;1;1500;1;1; ; ;-.567370097135022
26;2;2;3;1;1500;2;1;-.718058363898234;-.999397178567477;.396279389759641
43;2;2;2;1;4000;1;1;.241481788208164;.0770417934175518;.170923175818625
56;2;2;2;2;4300;2;1;-.838972361681132;-1.13399667587176;.463859879625048
33;2;2;2;1;3000;2;1;-.533029864414186;-.565857965781222;1.1066478286009
53;2;2;2;1;3000;2;1;-.787982673190549;.252644551411381;.462791476720248
42;2;2;2;1;4000;2;1; ; ; 
34;2;2;2;2;3200;2;2;-.843682496313271;-.303086316896441;.741330711619476
52;2;2;2;1;5000;1;1;.899406205772393; ;1.21823125393959
54;2;0;2;2;1000;1;1;-.28642864669117;-.305461057219067;1.49038305780332
54;2;2;2;1;9000;1;1; ; ;.619641523890774
31;2;2;2;1;4000;2;1;.451367499762317;.647380594004724;-1.90207224511603
30;2;0;2;1;1000;2;1;.851875714452545; ;.484722971324354
49;2;2;2;1;8000;1;2;-.118632350968962;-.849240149426702;.396180846968915
53;2;2;2;1;7000;2; ; ; ; 
49;2;0;2;1;1500;2;2; ; ;-.505694973536039
51;2;2;2;1;2700;2;1; ; ;-.253200355040117
54;2;2;2; ;5000;2;1; ; ;-.593678661723644
39;2;2;3;1;2500;1;1;1.53580749378973;1.86518502839428;.896351230770223
58;2;1;2;1;3000;2;2;-.45173288395695;.0837285430816096;.324276174051985
55;2;2;3;2;10000;1;1;-.516695015661817; ;1.23504346392132
29;2;2;2;1;3000;2;1;.122632687477896;.367110544598609;-1.34648148993022
32;2;2;2;1;2500;2;1;.8323893670364;.64999230070655;-1.76429476118027
43;2;2;3;2;4000;1;1; ; ; 
34;2;2;2;1;2500;2;1; ; ;.732794924262133
58;2;2;2;2;10000;2;2;.51122268591242;1.04569930803582;-.798735647299199
59;2;2;2;1;4000;2;2; ; ; 
31;2;1;2;1;3200;1;1; ; ; 
32;2;2;3;2;3500;2;1; ;-.656087274739635;.437529184454172
28;2;1;2;1;1500;2;1; ; ; 
59;2;2;2;2;5000;1;1;-.235353984523167;-.337069484655812;1.42498719842971
39;2;1;2;2;1200;1;1;-.500008630195277;-.433024804659475;.17913154310319
45;2;1;2;1;3000;2;1;.432088878140236;.0871460957847393;-1.10195530618721
45;2;2;3;1; ; ;1;-.262291691081703;-.578540560126635;.552918081416535
33;2;1;3;1;2400;2;1;-.65703084850635;-1.49278824881489;1.11228645697156
27;2;2;3;2;5000;2;1;-.948867994703082;.181460596161913; 
35;2;2;2;1;5000;2;2;-.73830824408221;.956451931505868;-1.03855265883974
52;2;2;2;1;4000;2;1;.434781036948623;.472132544455801;-.58896194554324
 ;2;2;2;1;2000;2;1;-.939068913072698;-.44313952240296;1.345363745517
53;2;2;2;1;1400;2;1; ; ; 
46;2;2;2;1;6000;2;2;.53575101221115;.0930917819282863;-.210009613169034
42;2;1;3;2;2300;2;1;-.00753962658647012;-.462291501422155;-.0884765860920268
 ;2;2;3;2;3000;2;1;1.3142106034721; ; 
57;2;2;2;1;5000;2;1; ; ; 
26;2;2;3;1;2000;2;1;.032510749863817;.0925664200733668; 
46;2;1;3;1;1500;2;1;-1.0533553491211;-1.28434156353908;-.1777067869418
47;2;2;2;1;3000;2;1;-.506116771684887;-.152766504191015; 
49;2;2;2;2;8000;2;1;.287936924743675;1.45016065961319;-.304100781621656
32;2;2;3;2;2600;2;1; ; ; 
33;2;1;3;1;1110;1;1;.961895315756717;.877100519350784;1.26241801683398
46;2;2;3;2;8000;2;1;-.331555136683886;-.281994732816024;.633685448428361
56;2;2;3; ;3500;2;2;2.66096191054288;1.80762168593557;-2.64522943941261
55;2;2;3;2;8000;2;1;-.518868540838443;.74939934221764;.390278029792426
34;2;2;2;1;4000;2;2; ; ; 
18;2;0;3;2;600;2;1; ; ;-.389279493531238
71;2;0;3;2;3000;1;1;-.76522133681151;.229178227008338;.202340566945452
34;2;2;3;1;8000;2;2; ;-.843855290058977;-.50043216107613
31;2;2;2;2;2500;2;1; ; ;-1.39268797727133
33;2;2;2;1;3000;2;1;-.533029864414186;-.733239749811797;1.40350976580569
35;2;2;2;1;10000;2;2;-1.1631194269608;-.0544628524244901;-.0272025117813728
30;2;2;3;1;3900;1;1;-1.0714087770702;-.701853698553649;.748874114158626
35;2;1;2;2;2500;2;1;2.29659867890859;1.86189506118094;-.662079699595056
25;2;0;3;1;900;2;1;-.818695680638716;.388091067882958;.924772499048611
33;2;0;3;1;2100;2;1; ; ;.175620355011834
46;2;2;2;1;10000;1;1;-.156184471241994;-.275735500634223;1.08311617336722
30;2;2;3;1;3000;2;1;-.819605224539447;-.332567280745425;.177125644895504
43;2;0;2;1;1500;2;1; ; ; 
44;2;2;3;1;3800;1;1;-.909191071796015;-.168236570854519;.420770681193946
35;2;0;2;1;1500;2;1; ; ; 
20;2;0;3;1;400;2;1;1.05641162124869;1.02154333455084;-.571447498877781
27;2;2;3;1;2000; ;1; ; ;-.705138937913739
38;2;1;3;1;5000;1;1;-.959395051945938;-1.93240286941747; 
26;2;0;3;2;1300;2;1; ; ;.458908961092957
32;2;2;2;2;4000;2;2; ; ;.575737765105713
34;2;0;2;1; ;2;1;-1.07648855651358;-.99381767438294;-.0453251352372394
57;2;2;3;2;5000;1;1;-1.1631194269608;-1.25207680499897;1.58129609042876
26;2;2;3;1;4000;2;1;-1.04069203240318;-.322102185574964;-.1073296641004
31;2;2;3;2;2600;1;1;.325560906401518;1.03118040115753;-.743531630902537
59;2;2;3;1;10000;1;1; ;-1.38491413694232;.924945766827142
27;2;2;2;1;3000;2;1;-.348007587292186;-.336761439550561;.129635893143145
53;2;2;3;1; ;1;1;-.181374703483612;-.648252584290561; 
37;2;2;2;2; ;1;1; ; ;.088700266771186
49;2;2;3;1;4000;1;1;-.433656392368273;-.230254961847892;.524377133593871
31;2;2;2;2;9000;2;1;-.743388023525589;-1.50984897256437;1.08214149996263
56;2;2;3;2;8000;1;2;-.61014855056704;-.690912021714069;.580895891625923
48;2;2;2;2;3500;1;1;.0828423767613383;.609530139502704;.341604333070238
30;2;2;3;1;2500;2;1;.805322565797582;1.41555311571117;.649539423642649
37;2;2;2;1;6000;2;2;-.823159413461735;-.724260272305702;.916767211594242
39;2;2;2;1;9000;2;1;-.470075304582742;.376502405848635;-.333389031336247
28;2;2;2;1;4000;2;1; ;-.964983695728699;.810054908190248
47;2;2;2;1;2500;1;1;.122314667740564;.0759876819285658;.826363519920298
29;2;2;1;1;1400;2;2; ; ;.303569706204961
42;2;1;2;2;4000;2;1;2.53724871644424;1.16621367125811;-.937291046434064
42;2;0;2;2;900;1;1;1.11960580400346; ;-.901136420899354
47;2;1;2;1; ;1;1;-.745857678428031; ;1.36802226054949
25;2;1;3;1;2080;1;1;-.0443832503961402;.263787238396113;.255801438218946
50;2;2;3;2;5000;1;1; ; ; 
31;2;1;2;1; ;2;1; ; ;.684407372779235
35;2;2;3;1;5000;2;2; ; ;.360799171319721
53;2;1;2;2;3800;2;1;2.91366507203468;2.65830325672496;-2.13952121532188
38;2;2;3;1;2000;2;1;.143335081991425;.530828575059938;.852877008502322
56;2;1;2;1;1700;1;2;-.444270484538142;-.557646369666827;.989067461927062
50;2;2;2;1;2000;2;2;.985854308044979;2.12708520653002; 
51;2;2;2;1;5000;2;1;-.23748145169923;.229178227008338;.659085849671842
29;2;1;3;2;2800;2;2;-.624965872415156;-.575049265860617;.442833227304436
26;2;2;3;1;2000;2;1;.196138881707316;-.171758274934905;.247130665766125
35;2;1;2;1;760;2;1;1.43697429702101;1.02874432531166;-.118810595350907
36;2;2;2; ;4000;2;1; ; ;-.332297012097477
31;2;0;2;1;800;1;1;1.58424859696502;1.97883164006745;-.563729252784257
24;2;1;3;2;2000;1;1;-.218008803542287;.375102709177138;.765836157824541
41;2;1;2;1;3000;2;1;2.22479195258409;1.99879556897053; 
25;2;0; ;1; ;1;1;-1.2728835048005;-1.10661390464883;.474736114447876
20;2;0;3;1;400;2;2;.699542064486165;1.03413597096966;-.461031509661367
34;2;2;3;1;2200;2;2;.0909833352705584; ;-.285014751886858
29;2;0;1;1;1230;2;2;-.685538854523927;-.868994389049219;-.389939841901976
22;2;1;3;1;1500;2;2;-.243494943032387;.0322815446775397;.483165731833034
23;2;1;1;1;1500;2;1;.637709255872245;-1.36407640526828;.401277976405957
22;2;0;3;1;720;2;2;1.31329495322282;2.65762468788344;-2.41983378006492
25;2;2;1;2;2200;2;1;-.294003016410854;-.574808629877644;-.0763190051555219
24;2;1;1;1;1550;2;1;-.694582968779382;.602532588620218;.241394129783542
20;2;0;1;2; ;2;1; ; ;.643556848133035
57;2;2;2;2; ;1;1;-.876379755607728;-1.25080545442091; 
22;2;0;3;2;400;2;2;-1.2728835048005;-1.22135201004682;.867825364720752
52;2;2;2;1;10000;1;1; ; ;.590186070821761
24;2;0;1;2; ;1;1;-.240345686786776;-.359382653523722;.841460197843796
24;2;1;1;1;800;2;1;-.574160278514576;-.977983870273431;.0622154291193109
30;2;2;2;2;4000;2;2; ; ;-2.79635430675913
23;2;1;1;1;1500;2;1;-.40449365235441;-.149612538847755;-.324973332172417
33;2;2;1;1;2200;2;1;-1.04069203240318;-1.27829939604073;1.07507036774652
30;2;2;2;2;4000;2;2;2.83236809157745;2.65830325672496;-2.78151053170567
24;2;2;3;2;1000;1;1;-.5998602385951;-.146951913497447;-.175050863148499
32;2;1;1;1; ;2;2;-.870435249333391;-.572407071683828;.346571930367193
31;2;2;1;1;2200;2;2;1.15547715965838;.955337977396669;-1.73019320194558
49;2;2;1;1; ;2;1; ; ;-1.60499591015635
31;2;1;3;2; ;2;2; ; ; 
44;2;2;3;1;6000;1;1;-1.2728835048005;-1.24491267962167;.856304823381455
27;2;1;1;1; ;2;1;-.980199327173088;-.830857808090761;.866128286840436
22;2;0;1;1; ;2;1; ; ; 
35;2;2;1;1;2200; ;2; ;1.21507178790203; 
27;2;1;2;1;1000;2;1;1.9501297625822;1.31203533564753;-.801176917026418
30;2;2; ;1;2400;2;2;-.138958489842202; ;.0383132602569656
28;2;2;1;1;2600;2;2; ; ;.408037849015724
22;2;0;1;1; ;2;1;.254063007574665;.755911267650082;-.968185553410664
32;2;2;1;1;2200;2;2;-.231260663896204;-.431237256006637;.692807736806143
64;2;2;2;1; ; ;1;-.665316533362006;-1.43988345204758;.0822971320300573
40;2;2;3;1;6000;2;1; ; ; 
41;2;1;3;1;15000;1;1;.184465496091815;.798614381150058;.744793554885766
22;2;1;1;1;800;2;2; ; ;-.958237280445468
23;2;0;3;1;1000;2;2;1.24222582907339;.205068787925334;1.1960832862082
48;2;2;2;1; ;2;2; ; ; 
56;2;2;2;2;20000;1;1;-.92559406457349;-.848598578926857;1.85376203929936
27;2;1;3;2;1800;1;1;.00154539630410162;-1.1141444874087;.819874173203174
33;2;2;3;2;3000;1;1;-.669527110392627;-.296995041545433;.327798152709443
32;2;2;3;1;4000;2;1;-.823356357440031;.762784542279322;.154753689726786
49;2;1;2;1; ;2;1;-.809214618745664;-.980628586623819;1.19014121696621
58;2;0;3;1; ;1;1;-1.2728835048005; ;.981148802489368
30;2;2;2;1; ;2;1; ; ; 
30;2;2;3;1;4000;2;2;-.0545613519115169;-.039883193776516;.682625124882896
32;2;0;3;1;1000;2;1;-1.15045611024287;-.821277812890644;.437478016337686
26;2;2;3;1;3000;2;1; ; ;.44650896314561
73;2;1; ;2;12000;1;1;.1717966728943; ; 
23;2;1;3;1;2000;2;1;-.942647206900056;-.706245778177478;-.555112506632702
32;2;2;3;2;2500;2;1;-1.17126038547002;-1.25207680499897;1.18700318992532
32;2;2;2;1;7000;2;1;-.396564901161984;.208745418544293;.410544855974576
24;2;0;3;1;1000;2;1; ; ; 
32;2;2; ;1; ;1;1;1.77513407258489;1.83115820896112;-.243605661001373
28;2;2;1;2;2200;1;1; ; ;-2.4017616546459
28;2;2;3;2;5000;2;1;-1.17126038547002;-.979950017782291;.847786706725561
24;2;1;2;2; ;1;1;-.745143619688219;.257349682781842;.531123193000883
54;2;2;3;1;4000;2;1; ; ; 
27;2;2;1;1;2200;2;1; ; ;.754617896885471
42;2;2;3;1;3000;2;1; ; ;.748874114158626
22;2;1;3;1;1500;2;1; ; ;.0273722652338417
49;2;2;3;1;4000;2;1;-.301552450756675;.902026367945073;-.204208304892467
31;2;2;3;1;1350;2;1;1.4634138264095;1.2073654038833;-1.32567525516881
46;2;2;2;2;1800;2;1;.104421822034356;-.862482463616777; 
56;2;1;3;1;6000;1;1;.291073443952534;-.458552598770441;.738358835383114
28;2;2;3;1;2000;2;1; ; ;-.38977341860729
46;2;0;3;1;1500;2;1; ; ;-.603231220459602
41;2;0;3;1;900;1;1;.224293087090029; ;.128054670103989
39;2;2;3;2;4000;2;1;1.85503689118308;-.322507108784958;1.54403857438609
40;2;2;3;2;1500;1;1;-.420401551486944;-.846081971243853; 
31;2;2;3;1;3000;1;1;.279905107900922;.355351403559894;.46629407519686
25;2;1;3;2;1678;1;2; ; ;-1.50650251938232
21;2;0;3;1;1100;2;2; ; ;-1.00536355649979
29;2;2;1;1;2200;2;1;2.47521937696025;1.4168072611727;-1.72317498887449
30;2;1; ;1; ;2;2;.478193339942371;1.28784236382086;-1.57027885200605
20;2;0;1;2; ;2;1; ; ;.703302809111029
26;2;1;3;2;1400;2;1;.957901771684267;.336582811616235;-.199223229184146
34;2;0;3;1;1200;2;1;-.566830851786634;-1.25363802929783;.247876110953481
27;2;1;3;1;1800;2;2;-.808500560005851;-1.2854250555906;-.909487604646786
43;2;1;3;1;3000;1;1; ;-1.34357746453544;1.57823198717305
41;2;1;3;1;1800;2;1;-.037335370511725;-.422184048663215;.286783035244762
49;2;1;2;1;1700;2;1;.304643243364878;-.714953922737118;1.18928137277984
52;2;1;3;1;2000;2;1; ; ; 
52;2;1;3;1;800;2;1;-.741172479169756;-.705259153471363;1.30360901557083
31;2;2;3;1;1200;1;1;-.906448302303465;-1.6555697916746;.86451494687848
47;2;1;3;1;1300;2;1;1.90682935352215;1.45231868833651;-2.55733505267261
32;2;2;3;1;4000;1;2; ; ;-.583921721749916
31;2;2;1;2;2200;2;1;-.316308777254025;-.97788087805191;.955714674475708
27;2;1;3;2; ;1;1;-.403902128191011;1.67748342076728;-.529802824944692
24;2;1;1;2;1500;2;1; ; ; 
25;2;1;3;1;2500;2;1;-1.04802145913112;.0618628858321215;.720378555587715
39;2;2;2;2;2000;2;1;.860802423480365; ;.778237649127503
40;2;0;2;1;2000;2;1;.30377404095212;1.20296619219443;.669896588121616
42;2;2;3;1;5000;2;1;1.3337491685201;1.57328671877797;-2.41969876503115
22;2;0;1;1;760;2;2;-.208696334579439;.0491432369177459;-1.234653001576
22;2;0;1;1; ;2;2;-.533029864414186;-.724260272305702;-.526875011421816
20;2;1;1;2; ;2;1; ; ;-.315304981350072
23;2;2;3;1;3000;1;1;-.108932803359385;-.351728738631409;.751033606273698
18;2;0;1;2; ;2;1; ; ; 
28;2;2;1;1; ;2;1; ; ;.701363315760654
32;2;2;1;1; ;2;1;-.580199059689509;1.99324397786278;-.579408750020866
28;2;2;3;1;1600;1;1;-.511208007969303;-.0163383287337002;.096660546016213
55;2;2;3;1;5000;1;1;-1.08182244650356;-1.00644625445559;.800347027462802
27;2;2;3;1;1000;2;1; ; ; 
34;2;0;3;1;900;1;1;.723127256575012;1.4373710388852;-1.11992046856569
43;2;2;2;1;10000;2;2;-.224006603200022;-.401429711343884;.805863871805317
35;2;1;2;1;4000;1;1;2.41653768091073;2.14914271099917;-.107334702852712
56;2;2; ; ;2000;2;1;-.533029864414186;-.980628586623819;.796928583566264
29;2;2;2;1;2500;1;1;.0166438474438525;.0730689400552066;.163890225319223
47;2;2;3;1;3800;2;1;-.452446942696762;-.867545494302986;-.15310518140453
34;2;2;3;1;7000; ;1; ; ; 
26;2;1;3;1;800; ;1;1.59779077751073;.646830029362693;-.12023202550621
27;2;0;3;2;800;2;2;1.21357490000525;1.58201234387769;-.67354590743348
24;2;0;3;2;600;2;1;.505098867976089;.387543353062654;-2.13303484718829
25;2;1;3;2; ;2;1; ; ;.911993037932488
20;2;0;3;1;400;1;1; ; ; 
18;2;0; ;2; ;1;2; ;1.04909462300079;-2.33428592702678
29;2;1;2;1;3000;2;1; ;-.429412700434604;-.177824309321545
23;2;0;3;1; ;2;1; ;.602539679201283;-.257871270153493
24;2;0;3;1;300;2;1;2.53375502103844;1.75029755361801;-2.08512148313378
21;2;0;1;2; ;2;1;-.63095282579419;.342987966752794;.283427305180131
28;2;1;3;2;680;2;2;1.85046278585737;.226278114071456;-1.49165233976096
45;2;2;2;1;3000;2;1; ; ; 
23;2;1;2;2; ;1;1;.100204371270369;-.329841887572272;.853465768250011
30;2;2;1;1; ;2;1; ; ;-.256088534631114
20;2;0;3;1;700;1;2; ; ;-.243259187325987
28;2;1;2;1;3000;2;2;-.472537159184099; ;.101125464614097
37;2;0; ;1; ;2;1; ; ;-2.53132695315738
18;2;0;1;1;800;2;2; ; ;-1.58108331295776
25;2;1;1;2; ;2;1; ; ;-1.60991908667449
38;2;2;3;1;4000;2;1; ;1.34966768153758;-1.43444949093062
32;2;2;3;1;5000;2;1; ; ;.750331481482075
35;2;2;3;2;1450;2;1; ; ; 
26;2;1;3;2; ;1;2; ; ;-1.33039162519631
30;2;1;3;2;2000;1;1; ; ; 
30;2;1;3;2;1209;2;1;2.2580025201426;2.66209493683311;-2.39158131011249
27;2;2;2;1;3000;1;1;.122632687477896;-1.29685859332339;1.37782760135511
42;2;2;2;1;7000;2;1;-.712523008918986;1.17371529996379;-.118402719124293
53;2;2;3;2;7000;2;1;-.318778432156467;-.327009312695345;1.00598006382407
40;2;1;2;1;3000;2;1; ; ;.270923390602987
54;2;1;3;1;1200;1;1;-.34554709994461;-.695296483558751;.940456815473713
24;2;1;3;1;1200;2;1;-1.2728835048005;.274752578975631;.940783030900047
56;2;0;2;1; ; ;1;1.04885426027879; ; 
35;2;2;2;1;8000;2;2; ; ; 
30;2;2;2;1;2000;2;1;-.0117325082168103;-.0279641604788504;-1.32932115610793
24;2;2;3;1;2700;2;2;.528115727819604;.767377815031436;-.443351801804567
31;2;1;3;1;4000;2;1;.214456725177988;1.15193038643832;-.124559513579952
29;2;1;2;1;3000;2;1; ; ; 
32;2;1;3;1;1500;1;2;-1.2728835048005;-.96748576545441;1.85376203929936
